case_id,p0,p1,Y,Y_hat
C3L-00017,0.3635196,0.6364804,1,0.5
C3L-00102,0.36664107,0.63335896,1,0.5
C3L-00189,0.23166783,0.7683322,1,1.0
C3L-00277,0.07154546,0.9284546,1,1.0
C3L-00401,0.10492557,0.89507455,1,1.0
C3L-00589,0.31547028,0.68452966,1,1.0
C3L-00598,0.089246266,0.9107537,1,1.0
C3L-00599,0.11099093,0.8890091,0,1.0
C3L-00622,0.33000404,0.66999596,1,0.5
C3L-00625,0.11820288,0.8817972,1,1.0
C3L-00640,0.5768339,0.4231661,1,0.5
C3L-00819,0.49936494,0.500635,1,0.5
C3L-00928,0.09115362,0.90884626,1,1.0
C3L-01031,0.2710734,0.7289266,1,1.0
C3L-01036,0.38014346,0.61985654,1,1.0
C3L-01051,0.30096966,0.69903034,1,1.0
C3L-01052,0.7468553,0.2531447,0,0.0
C3L-01053,0.5818983,0.4181017,0,0.0
C3L-01054,0.32088476,0.6791153,0,1.0
C3L-01124,0.12101402,0.878986,1,1.0
C3L-01598,0.21995774,0.78004223,1,1.0
C3L-01637,0.41419625,0.5858037,1,0.5
C3L-01662,0.086790614,0.91320944,1,1.0
C3L-01687,0.11849604,0.88150394,1,1.0
C3L-01689,0.3391451,0.6608549,1,0.5
C3L-01703,0.55216384,0.4478361,1,0.5
C3L-02109,0.13783617,0.86216384,1,1.0
C3L-02112,0.5949514,0.40504867,0,0.0
C3L-02115,0.5706942,0.4293058,1,0.0
C3L-02116,0.29262722,0.7073728,1,1.0
C3L-02118,0.08802989,0.91197014,1,1.0
C3L-02604,0.16143148,0.8385685,1,1.0
C3L-02606,0.3895888,0.6104112,1,0.5
C3L-02610,0.3021909,0.69780916,1,0.5
C3L-02613,0.24005914,0.75994086,1,1.0
C3L-02701,0.09238415,0.9076158,1,1.0
C3L-02809,0.43256214,0.5674378,1,0.5
C3L-02890,0.45475426,0.54524577,1,1.0
C3L-02899,0.477143,0.522857,1,0.5
C3L-03123,0.43449953,0.5655005,1,0.5
C3L-03356,0.076983154,0.92301685,1,1.0
C3L-03388,0.10773374,0.8922663,1,1.0
C3L-03394,0.82881296,0.17118703,0,0.0
C3L-03628,0.1281017,0.87189835,1,1.0
C3L-03630,0.11277761,0.8872224,1,1.0
C3L-03632,0.26143295,0.738567,1,1.0
C3L-03635,0.09136106,0.9086391,1,1.0
C3L-03639,0.11776934,0.8822306,1,1.0
C3L-03743,0.2725519,0.7274481,1,1.0
C3L-04027,0.5805501,0.4194499,1,0.5
C3L-04473,0.48044348,0.5195565,1,1.0
C3L-04475,0.33880287,0.6611971,1,0.5
C3L-04479,0.24224333,0.7577567,1,1.0
C3L-04495,0.43257046,0.56742954,1,1.0
C3L-04848,0.2797944,0.72020555,1,1.0
C3L-04853,0.073609084,0.92639095,1,1.0
C3N-00198,0.60199815,0.39800182,0,0.5
C3N-00249,0.18263498,0.817365,1,1.0
C3N-00302,0.091763064,0.90823686,1,1.0
C3N-00303,0.7565967,0.24340335,1,0.0
C3N-00436,0.47949794,0.5205021,1,0.5
C3N-00511,0.124387935,0.87561196,1,1.0
C3N-00512,0.4717938,0.5282062,0,1.0
C3N-00513,0.32214767,0.67785233,1,1.0
C3N-00514,0.22012563,0.7798744,1,1.0
C3N-00516,0.08428539,0.91571456,1,1.0
C3N-00517,0.53693825,0.46306172,0,0.0
C3N-00518,0.48608574,0.5139143,1,0.5
C3N-00957,0.18717721,0.8128228,1,1.0
C3N-01011,0.50860715,0.49139288,0,0.5
C3N-01012,0.3643123,0.6356877,0,1.0
C3N-01165,0.27395207,0.7260479,1,1.0
C3N-01166,0.3405969,0.65940297,1,1.0
C3N-01167,0.3806778,0.6193222,1,1.0
C3N-01168,0.29401547,0.7059845,0,1.0
C3N-01375,0.22675698,0.77324307,1,1.0
C3N-01380,0.5789248,0.4210752,0,0.0
C3N-01381,0.23026195,0.769738,1,1.0
C3N-01382,0.41337314,0.5866269,1,1.0
C3N-01383,0.15711708,0.84288293,1,1.0
C3N-01388,0.12357451,0.87642545,1,1.0
C3N-01502,0.5596197,0.44038028,0,0.0
C3N-01714,0.49371195,0.506288,1,1.0
C3N-01715,0.4659136,0.53408635,0,1.0
C3N-01716,0.20228942,0.7977106,1,1.0
C3N-01897,0.24394011,0.75605994,1,1.0
C3N-01997,0.37037086,0.62962914,1,1.0
C3N-01998,0.5134078,0.4865921,0,0.5
C3N-02010,0.38966042,0.6103395,1,0.5
C3N-02295,0.82646865,0.17353134,0,0.0
C3N-02573,0.076421104,0.9235789,1,1.0
C3N-02579,0.27329698,0.72670305,1,1.0
C3N-02585,0.0692519,0.93074816,1,1.0
C3N-02589,0.6483556,0.35164443,1,0.0
C3N-02590,0.3282926,0.6717074,1,1.0
C3N-02592,0.13004914,0.8699509,1,1.0
C3N-02768,0.4832527,0.51674736,1,0.5
C3N-02940,0.15611406,0.843886,1,1.0
C3N-02944,0.118717596,0.88128245,1,1.0
C3N-02971,0.24338189,0.75661814,1,1.0
C3N-02997,0.38868797,0.61131203,1,1.0
C3N-02998,0.4764344,0.5235656,0,1.0
C3N-03006,0.40919966,0.59080034,1,1.0
C3N-03007,0.09292275,0.9070772,1,1.0
C3N-03061,0.09896942,0.90103054,1,1.0
C3N-03069,0.46807492,0.5319251,1,0.5
C3N-03086,0.082655795,0.9173443,1,1.0
C3N-03173,0.25387752,0.7461225,1,1.0
C3N-03190,0.08694642,0.91305363,1,1.0
C3N-03211,0.29073566,0.7092644,0,1.0
C3N-03426,0.18536165,0.8146383,0,1.0
C3N-03430,0.27827537,0.7217247,1,1.0
C3N-03439,0.13168307,0.86831695,1,1.0
C3N-03440,0.6032096,0.3967904,1,0.5
C3N-03665,0.29844475,0.70155513,1,1.0
C3N-03666,0.1047112,0.89528877,1,1.0
C3N-03670,0.69358367,0.30641633,0,0.0
C3N-03754,0.11826203,0.881738,1,1.0
C3N-03780,0.4727878,0.52721226,1,0.5
C3N-03839,0.11912322,0.88087684,1,1.0
C3N-03840,0.11914601,0.88085395,1,1.0
C3N-03853,0.10889435,0.89110565,1,1.0
C3N-03884,0.3200701,0.67993,1,1.0
C3N-04119,0.16150482,0.83849514,1,1.0
C3N-04126,0.13931195,0.86068803,1,1.0
C3N-04282,0.08618934,0.91381073,1,1.0
C3N-04283,0.19879061,0.8012094,1,1.0
C3N-04284,0.8265149,0.17348507,0,0.0
